name,url
360care,360care
48forty,48forty
aaalife,aaalife
abacustech,abacustech
accoy,accoy
actalentservices,actalentservices
actslife,actslife
adl,adl
aei,aei
aeieng,aeieng
afcu,afcu
ahmchealth,ahmchealth
ahnneighborhood,ahnneighborhood
airmethods,airmethods
alcami,alcami
allison,allison
allnativegroup,allnativegroup
allspringglobal,allspringglobal
altapointe,altapointe
aluminumdynamics,aluminumdynamics
alumus,alumus
americanaddictioncenters,americanaddictioncenters
americancareercollege,americancareercollege
americanfoodsgroup,americanfoodsgroup
americansystems,americansystems
ameritfleet,ameritfleet
ampact,ampact
amtrustgroup,amtrustgroup
amyx,amyx
apac-berkley,apac-berkley
appliedsystems,appliedsystems
aptiveresources,aptiveresources
arccorp,arccorp
arcwoodenviro,arcwoodenviro
arh,arh
arizonacollege,arizonacollege
ars,ars
assemblydigitalcommerce,assemblydigitalcommerce
atlantarehab,atlantarehab
atlasworldgroupinc,atlasworldgroupinc
axway,axway
baptisthealthal,baptisthealthal
baptistneighborhoodhospital,baptistneighborhoodhospital
barrios,barrios
bartwest,bartwest
baylorscottandwhiteeh,baylorscottandwhiteeh
bcore,bcore
bdobelgium,bdobelgium
berkley,berkley
berrydunn,berrydunn
besthomeservices,besthomeservices
betterbuzzcoffee,betterbuzzcoffee
beyondsoft,beyondsoft
biorad,biorad
blackhawknetwork,blackhawknetwork
bluegracegroup,bluegracegroup
bluesprigpediatrics,bluesprigpediatrics
bncollege,bncollege
bnh,bnh
bocusa,bocusa
brewers,brewers
bridgenext,bridgenext
brightspring,brightspring
brookdalecc,brookdalecc
brookings,brookings
buildingandearth,buildingandearth
buzziunicemusa,buzziunicemusa
bwsc,bwsc
c1,c1
cadent,cadent
cajunusa,cajunusa
calamp,calamp
califiafarms,califiafarms
campero,campero
canada-berkley,canada-berkley
canada-secure,canada-secure
capbluecross,capbluecross
carenethealthcare,carenethealthcare
carollo,carollo
casella,casella
castlegroup,castlegroup
ccr,ccr
ccr-ge,ccr-ge
cecinc,cecinc
centersusa,centersusa
centricbrands,centricbrands
cfasupply,cfasupply
cfins,cfins
cfr,cfr
chai,chai
changegrowlive,changegrowlive
channelpartners,channelpartners
chasebrass,chasebrass
chestnut,chestnut
chickfila,chickfila
chordsdp,chordsdp
chsi,chsi
citizensenergygroup,citizensenergygroup
citynational,citynational
cobank,cobank
codev,codev
collaborationbetterstheworld,collaborationbetterstheworld
collaborationbetterstheworldvi,collaborationbetterstheworldvi
colliersprojects,colliersprojects
comcastspectacor,comcastspectacor
commtrans,commtrans
compsych,compsych
concorde,concorde
connection,connection
consoreng,consoreng
cooltoday,cooltoday
cooperhealth,cooperhealth
coraltreehospitality,coraltreehospitality
cordobacorp,cordobacorp
cotiviti,cotiviti
cravath,cravath
criterion-sys,criterion-sys
ctifoods,ctifoods
cummingselec,cummingselec
cundall,cundall
cwsglobal,cwsglobal
daifuku-america,daifuku-america
daktronics,daktronics
damar,damar
daytonfreight,daytonfreight
dcgoodwill,dcgoodwill
dchsystem,dchsystem
ddn,ddn
de-axa,de-axa
decisionpointcorp,decisionpointcorp
delta-americas,delta-americas
dendreon,dendreon
dewberry,dewberry
didiglobal,didiglobal
dminc,dminc
dohertyinc,dohertyinc
donernorth,donernorth
drfirst,drfirst
dudek,dudek
duluthtrading,duluthtrading
e2,e2
e2optics,e2optics
eaglepicher,eaglepicher
eastpennmanufacturing,eastpennmanufacturing
ebglaw,ebglaw
ebscoind,ebscoind
edf-re,edf-re
edgewaterit,edgewaterit
edmundoptics,edmundoptics
efwnow,efwnow
ehhi,ehhi
einstein,einstein
emcorgroup,emcorgroup
emerus,emerus
empiricalfoods,empiricalfoods
emtecinc,emtecinc
endeavorair,endeavorair
enfra,enfra
epeconsulting,epeconsulting
epikafleet,epikafleet
ermcoeci,ermcoeci
ers,ers
essenmed,essenmed
evms,evms
explore,explore
exponent,exponent
fastenterprises,fastenterprises
fbmsales,fbmsales
fdcorp,fdcorp
fdmfieldservices,fdmfieldservices
ferrellgas,ferrellgas
fhcrc,fhcrc
fhfurr,fhfurr
firstambank,firstambank
fnf,fnf
foley,foley
fontainebleau,fontainebleau
fortiss,fortiss
fr-soitec,fr-soitec
framatome,framatome
frankgaycommerical,frankgaycommerical
frankgayresidential,frankgayresidential
fresenius-kabi,fresenius-kabi
fsg,fsg
ftidefense,ftidefense
galapagos,galapagos
gannettfleming,gannettfleming
gatx,gatx
gd,gd
gd-electricboat,gd-electricboat
gd-ots,gd-ots
gdbiw,gdbiw
gdeb,gdeb
gdifamilyofbrands,gdifamilyofbrands
gdms,gdms
genusplc,genusplc
geosyntec,geosyntec
germany-berkley,germany-berkley
gilbaneco,gilbaneco
gildan,gildan
goaheadlondon,goaheadlondon
goodshepherdhospice,goodshepherdhospice
gotyto,gotyto
grahampackaging,grahampackaging
granicus,granicus
greensky,greensky
greenstate,greenstate
grsm,grsm
gtsx,gtsx
guard,guard
haleymechanical,haleymechanical
hanger,hanger
harpercollins,harpercollins
haztekinc,haztekinc
hcsgcorp,hcsgcorp
healthedge,healthedge
healthequity,healthequity
healthpro-rehab,healthpro-rehab
heart,heart
herbalife,herbalife
here,here
hexagonpositioning,hexagonpositioning
hga,hga
hhmlp,hhmlp
hines,hines
hireright1,hireright1
hub-phs,hub-phs
hyland,hyland
i2xisys,i2xisys
i3-corps,i3-corps
ice,ice
ideagenus,ideagenus
idlo,idlo
ieedu,ieedu
iehp,iehp
imaginecommunications,imaginecommunications
imsa,imsa
industechnology,industechnology
inovalon,inovalon
insight2profit,insight2profit
int-tcw,int-tcw
integralfed,integralfed
integriscommunityhospital,integriscommunityhospital
internova,internova
interstatewaste,interstatewaste
ipipeline,ipipeline
iqt,iqt
iquw,iquw
iridium,iridium
isaca,isaca
isc2,isc2
itcfederal,itcfederal
itstechnology,itstechnology
jacksoncasino,jacksoncasino
jobin,jobin
jobyaviation,jobyaviation
jocogov,jocogov
johannafoods,johannafoods
jointcommission,jointcommission
jsco,jsco
kci,kci
kelleykronenberg,kelleykronenberg
kemin,kemin
kentro,kentro
ketteringhealth,ketteringhealth
kimley-horn,kimley-horn
kinaxis,kinaxis
kingfisher2,kingfisher2
kiscoseniorliving,kiscoseniorliving
kleinfelder,kleinfelder
kloveair1,kloveair1
kvh,kvh
kwe,kwe
kyowa-kirin,kyowa-kirin
latticesemi,latticesemi
leavitt,leavitt
lewisbrisbois,lewisbrisbois
leye,leye
lhs,lhs
libertycompaniesllc,libertycompaniesllc
libertymutual,libertymutual
linesight,linesight
linkindustrialfields,linkindustrialfields
liro,liro
livelmh,livelmh
liveonny,liveonny
lmi,lmi
logixbanking,logixbanking
lordabbett,lordabbett
loretto2,loretto2
lsac,lsac
lspower,lspower
lupinpharmaceuticals,lupinpharmaceuticals
lw,lw
macalester,macalester
macny,macny
madeiramadeira,madeiramadeira
magaero,magaero
magnera,magnera
mambu,mambu
markon,markon
maxor,maxor
mayvl,mayvl
mb2dental,mb2dental
mci,mci
mci2,mci2
mdch,mdch
medicalsolutions,medicalsolutions
mercuryinsurance,mercuryinsurance
meridianbioscience,meridianbioscience
metalexchange,metalexchange
metro,metro
mgocpa,mgocpa
michfb,michfb
miltoncat,miltoncat
mineralstech,mineralstech
mlssoccer,mlssoccer
morainepark,morainepark
morganplc,morganplc
mortgage-cffc,mortgage-cffc
mpi,mpi
mpr,mpr
mtfbiologics,mtfbiologics
muckleshootgov,muckleshootgov
mwdh2o,mwdh2o
myacuity,myacuity
mycmh,mycmh
mydental,mydental
mysagedental,mysagedental
na-merlinentertainments,na-merlinentertainments
nafinc,nafinc
nakupuna,nakupuna
naphcare,naphcare
natdcp,natdcp
nationaldebtrelief,nationaldebtrelief
navitas,navitas
navitus,navitus
ncfe,ncfe
neighborhooddefender,neighborhooddefender
nelsonmullins,nelsonmullins
newmarket,newmarket
nextechna,nextechna
njeda,njeda
nl,nl
northside,northside
novacore,novacore
novelis,novelis
novolex,novolex
nrdc,nrdc
nscglobal,nscglobal
nv5,nv5
nybg,nybg
nybloodcenter,nybloodcenter
nyit,nyit
nyu,nyu
oakhilladvisors,oakhilladvisors
obmc,obmc
odysseyconsult,odysseyconsult
oldnational,oldnational
ompimail,ompimail
oneidentity,oneidentity
orange,orange
orau,orau
oraucareers,oraucareers
origamirisk,origamirisk
osb,osb
ovg,ovg
ovgcan,ovgcan
oxgene,oxgene
pactworld,pactworld
pamhealth,pamhealth
parkhill,parkhill
partnershiphp,partnershiphp
patternenergy,patternenergy
pctedu,pctedu
peagroup,peagroup
peakdentalservices,peakdentalservices
peelregion,peelregion
pennex,pennex
peraton,peraton
persistentsystems,persistentsystems
personifyhealth,personifyhealth
pgworks,pgworks
piedmont,piedmont
pioneerhvacmt,pioneerhvacmt
pittohio,pittohio
plansys,plansys
plslogistics,plslogistics
pne,pne
polkcountysheriffsoffice,polkcountysheriffsoffice
powerplan,powerplan
powerschool,powerschool
premierdentistpartners,premierdentistpartners
preshomes,preshomes
prginternational,prginternational
primehealthcare,primehealthcare
propark,propark
ptsolutions,ptsolutions
pvm,pvm
qinetiqus,qinetiqus
quanta,quanta
quest,quest
rambus,rambus
rcm,rcm
realpagepms,realpagepms
redcap,redcap
renasant,renasant
repligen,repligen
revantage,revantage
riverbed,riverbed
rivercree,rivercree
riyadhair,riyadhair
roadrunnersports,roadrunnersports
rpmliving,rpmliving
rrsc,rrsc
rsandh,rsandh
rssb,rssb
ruralking,ruralking
rws,rws
saft,saft
sagaftra,sagaftra
samaritanvillage,samaritanvillage
sares-regis,sares-regis
sargentlundy,sargentlundy
sas,sas
sazerac,sazerac
sbec,sbec
scires,scires
scsengineers,scsengineers
sdsurf,sdsurf
seismic,seismic
seniorlifepa,seniorlifepa
sentinel,sentinel
sercocanada,sercocanada
servicechampions,servicechampions
sev1tech,sev1tech
shamal,shamal
sharpusa,sharpusa
shawmut,shawmut
shriners,shriners
sidley,sidley
simventions,simventions
singerequipment,singerequipment
skanska,skanska
skh,skh
slco,slco
slhs,slhs
sms,sms
smyrnareadymix,smyrnareadymix
snapon,snapon
snyder,snyder
softtechconsulting,softtechconsulting
soitec,soitec
solairus,solairus
somniainc,somniainc
sonalysts,sonalysts
sonrava,sonrava
southcoast,southcoast
spain-berkley,spain-berkley
spain-magnera,spain-magnera
spencersandspirit,spencersandspirit
sri,sri
ssoe,ssoe
sss-steel,sss-steel
stagwellglobal,stagwellglobal
stardental,stardental
starr,starr
steampunk,steampunk
steeldynamics,steeldynamics
stellantsystems,stellantsystems
stellarsolutions,stellarsolutions
stemline,stemline
stifel,stifel
stonex,stonex
strosenh,strosenh
structurepoint,structurepoint
suffolkconstruction,suffolkconstruction
sunauto,sunauto
suncrestcare,suncrestcare
supportuw,supportuw
sus,sus
sv-kiwa,sv-kiwa
svclnk,svclnk
svh,svh
symbria,symbria
symplr,symplr
synchronoss,synchronoss
sysmex,sysmex
tacten,tacten
tactica-solutions,tactica-solutions
tatitlek,tatitlek
tcw,tcw
technicalassociates,technicalassociates
teknoluxion,teknoluxion
teksynap,teksynap
teksystems,teksystems
tfghospitality,tfghospitality
thebrick,thebrick
thepiadagroup,thepiadagroup
tier1,tier1
tierpoint,tierpoint
tivityhealth,tivityhealth
tmh,tmh
tmo,tmo
tmscomfort,tmscomfort
trajectorservices,trajectorservices
transcat,transcat
treliant,treliant
tsoln-inc,tsoln-inc
turn5,turn5
uabmedicine,uabmedicine
uhnjcareers,uhnjcareers
uk-merlinentertainments,uk-merlinentertainments
uknordicswitz-berkley,uknordicswitz-berkley
umms,umms
unfcu,unfcu
unisonglobal,unisonglobal
urbanscience,urbanscience
us-corgan,us-corgan
us-secure,us-secure
us-vistaglobal,us-vistaglobal
usa-cecoenviro,usa-cecoenviro
usap,usap
usclaro,usclaro
usesalvationarmy,usesalvationarmy
usfintech,usfintech
usu,usu
uti,uti
uuhc,uuhc
uwcu,uwcu
uwmcareers,uwmcareers
valiantsolutions,valiantsolutions
validatek,validatek
vanir,vanir
vch,vch
ventrahealth,ventrahealth
vhb,vhb
vistaequitypartners,vistaequitypartners
vistaglobal,vistaglobal
vistrygroup,vistrygroup
voancnn,voancnn
wafd,wafd
waldeneatingdisorders,waldeneatingdisorders
walkermorris,walkermorris
walterpmoore,walterpmoore
wd40company,wd40company
wendys,wendys
werfen,werfen
westcoastuniversity,westcoastuniversity
westernmilling,westernmilling
westernsouthern,westernsouthern
wheelsup,wheelsup
wilmingtonplc,wilmingtonplc
wilsonemea,wilsonemea
winco,winco
wipfli,wipfli
workforce1-edsi,workforce1-edsi
wseinc,wseinc
wth,wth
wuxiapptec,wuxiapptec
wuxichemistry,wuxichemistry
wwfus,wwfus
xerispharma,xerispharma
ymcasd,ymcasd
yugo,yugo
zekelman,zekelman
Amer Sports,https://careers-amersports.icims.com
Asm,https://careers-asm.icims.com
Avian,https://careers-avian.icims.com
Bff,https://careers-bff.icims.com
Blanchard,https://careers-blanchard.icims.com
Buspatrol,https://careers-buspatrol.icims.com
Epos,https://careers-epos.icims.com
Horizon,https://careers-horizon.icims.com
Kettler,https://careers-kettler.icims.com
Logos,https://careers-logos.icims.com
Merge,https://careers-merge.icims.com
Mono,https://careers-mono.icims.com
Netimpactstrategies,https://careers-netimpactstrategies.icims.com
Nipponexpress,https://careers-nipponexpress.icims.com
Noblereach,https://careers-noblereach.icims.com
Numeral,https://careers-numeral.icims.com
Nuna,https://careers-nuna.icims.com
Optimizon,https://careers-optimizon.icims.com
Parallel,https://careers-parallel.icims.com
Parker,https://careers-parker.icims.com
Reliable,https://careers-reliable.icims.com
Rivet,https://careers-rivet.icims.com
Roadrunner,https://careers-roadrunner.icims.com
Sunrise,https://careers-sunrise.icims.com
Thekey,https://careers-thekey.icims.com
Vulcan,https://careers-vulcan.icims.com
aireon,https://careers-aireon.icims.com
asi,https://careers-asi.icims.com
fbfs,https://careers-fbfs.icims.com
fremontbank,https://careers-fremontbank.icims.com
hamilton,https://careers-hamilton.icims.com
mpowerdirect,https://careers-mpowerdirect.icims.com
niche,https://careers-niche.icims.com
northwesternmutual,https://careers-northwesternmutual.icims.com
powerflex,https://careers-powerflex.icims.com
