name,slug,url
ABM US,eiqg,https://eiqg.fa.us2.oraclecloud.com/hcmUI/CandidateExperience/en/sites/CX_1
ADES Global,epgv,https://epgv.fa.em3.oraclecloud.com/hcmUI/CandidateExperience/en/sites/CX_1
ADIB Candidate Experience site,hciq,https://hciq.fa.em2.oraclecloud.com/hcmUI/CandidateExperience/en/sites/CX_1
ADNIC Career Portal,eoro,https://eoro.fa.em8.oraclecloud.com/hcmUI/CandidateExperience/en/sites/CX_1
AEO,hcml,https://hcml.fa.us2.oraclecloud.com/hcmUI/CandidateExperience/en/sites/CX_1
AFW,ejqy,https://ejqy.fa.us6.oraclecloud.com/hcmUI/CandidateExperience/en/sites/CX_1
AICC External Site,iaarkf,https://iaarkf.fa.ocs.oraclecloud.com/hcmUI/CandidateExperience/en/sites/CX_1
AL Gihaz Holding,efva,https://efva.fa.em3.oraclecloud.com/hcmUI/CandidateExperience/en/sites/CX_1
APP Recruitment,eify,https://eify.fa.us6.oraclecloud.com/hcmUI/CandidateExperience/en/sites/CX_1
AWR Career Site,iacpey,https://iacpey.fa.ocs.oraclecloud.com/hcmUI/CandidateExperience/en/sites/CX_1
Abdulla-Fouad Career Site Minimal,hdgp,https://hdgp.fa.em3.oraclecloud.com/hcmUI/CandidateExperience/en/sites/CX_1
Abt Global,egpy,https://egpy.fa.us2.oraclecloud.com/hcmUI/CandidateExperience/en/sites/CX_1
Abu Dhabi Airports,hcts,https://hcts.fa.em2.oraclecloud.com/hcmUI/CandidateExperience/en/sites/CX_1
Adani Career Site,eibd,https://eibd.fa.em2.oraclecloud.com/hcmUI/CandidateExperience/en/sites/CX_1
Adventist Health,ecvz,https://ecvz.fa.us2.oraclecloud.com/hcmUI/CandidateExperience/en/sites/CX_1
Al Ghurair,iaaxey,https://iaaxey.fa.ocs.oraclecloud.com/hcmUI/CandidateExperience/en/sites/CX_1
Al Moosa Career Portal,edns,https://edns.fa.em2.oraclecloud.com/hcmUI/CandidateExperience/en/sites/CX_1
Al-Othman Holding Company,eknh,https://eknh.fa.em2.oraclecloud.com/hcmUI/CandidateExperience/en/sites/CX_1
Albertsons Companies,eofd,https://eofd.fa.us6.oraclecloud.com/hcmUI/CandidateExperience/en/sites/CX_1
Allegheny Intermediate Unit Career Site,einj,https://einj.fa.us6.oraclecloud.com/hcmUI/CandidateExperience/en/sites/CX_1
American Bureau of Shipping Career Site,hbbq,https://hbbq.fa.us2.oraclecloud.com/hcmUI/CandidateExperience/en/sites/CX_1
American Tower Global,hdsn,https://hdsn.fa.us6.oraclecloud.com/hcmUI/CandidateExperience/en/sites/CX_1
Anywhere,ibmqjb,https://ibmqjb.fa.ocs.oraclecloud.com/hcmUI/CandidateExperience/en/sites/CX_1
Apollo Hospitals,cgs,https://cgs.fa.ap2.oraclecloud.com/hcmUI/CandidateExperience/en/sites/CX_1
Apparel Career Site,ediu,https://ediu.fa.em2.oraclecloud.com/hcmUI/CandidateExperience/en/sites/CX_1
Arcadis,ebcs,https://ebcs.fa.em2.oraclecloud.com/hcmUI/CandidateExperience/en/sites/CX_1
ArcelorMittal,emfg,https://emfg.fa.em4.oraclecloud.com/hcmUI/CandidateExperience/en/sites/CX_1
Arconic,hdnn,https://hdnn.fa.us6.oraclecloud.com/hcmUI/CandidateExperience/en/sites/CX_1
Arcor Global,emqm,https://emqm.fa.us6.oraclecloud.com/hcmUI/CandidateExperience/en/sites/CX_1
Aspire Zone Candidate Experience site,eipb,https://eipb.fa.em2.oraclecloud.com/hcmUI/CandidateExperience/en/sites/CX_1
Aster DM Healthcare,hcdt,https://hcdt.fa.us2.oraclecloud.com/hcmUI/CandidateExperience/en/sites/CX_1
At Home,hdiy,https://hdiy.fa.us2.oraclecloud.com/hcmUI/CandidateExperience/en/sites/CX_1
BCBSM Career Section,ejko,https://ejko.fa.us2.oraclecloud.com/hcmUI/CandidateExperience/en/sites/CX_1
BDO USA Experienced Career Site,ebqb,https://ebqb.fa.us2.oraclecloud.com/hcmUI/CandidateExperience/en/sites/CX_1
BE Careers,iadygs,https://iadygs.fa.ocs.oraclecloud.com/hcmUI/CandidateExperience/en/sites/CX_1
BNY External Career Site,eofe,https://eofe.fa.us2.oraclecloud.com/hcmUI/CandidateExperience/en/sites/CX_1
BSC,ecge,https://ecge.fa.us2.oraclecloud.com/hcmUI/CandidateExperience/en/sites/CX_1
Badger,ejlj,https://ejlj.fa.us2.oraclecloud.com/hcmUI/CandidateExperience/en/sites/CX_1
Bank Negara Malaysia - Professional Career Site,iaartj,https://iaartj.fa.ocs.oraclecloud.com/hcmUI/CandidateExperience/en/sites/CX_1
Barrick Mining Corporation,ehkn,https://ehkn.fa.ca2.oraclecloud.com/hcmUI/CandidateExperience/en/sites/CX_1
Baylor Careers,ejof,https://ejof.fa.us2.oraclecloud.com/hcmUI/CandidateExperience/en/sites/CX_1
Black Box Careers,eoje,https://eoje.fa.us2.oraclecloud.com/hcmUI/CandidateExperience/en/sites/CX_1
Brazos County Career Site,ekzl,https://ekzl.fa.us2.oraclecloud.com/hcmUI/CandidateExperience/en/sites/CX_1
Bristlecone,iaagiz,https://iaagiz.fa.ocs.oraclecloud.com/hcmUI/CandidateExperience/en/sites/CX_1
Brookdale Senior Living Inc.,ibmwjb,https://ibmwjb.fa.ocs.oraclecloud.com/hcmUI/CandidateExperience/en/sites/CX_1
CECONY Career Site,ejcu,https://ejcu.fa.us6.oraclecloud.com/hcmUI/CandidateExperience/en/sites/CX_1
CIMB Group Malaysia,ejox,https://ejox.fa.ap1.oraclecloud.com/hcmUI/CandidateExperience/en/sites/CX_1
CLP,iabhtj,https://iabhtj.fa.ocs.oraclecloud.com/hcmUI/CandidateExperience/en/sites/CX_1
CORSAIR,edix,https://edix.fa.us2.oraclecloud.com/hcmUI/CandidateExperience/en/sites/CX_1
COTTON ON Careers,ekxm,https://ekxm.fa.ap1.oraclecloud.com/hcmUI/CandidateExperience/en/sites/CX_1
CRS,eipn,https://eipn.fa.us2.oraclecloud.com/hcmUI/CandidateExperience/en/sites/CX_1
CSC,hczw,https://hczw.fa.us2.oraclecloud.com/hcmUI/CandidateExperience/en/sites/CX_1
"CTB, Inc.",emsl,https://emsl.fa.us2.oraclecloud.com/hcmUI/CandidateExperience/en/sites/CX_1
Caesars Entertainment,edmn,https://edmn.fa.us2.oraclecloud.com/hcmUI/CandidateExperience/en/sites/CX_1
Calderys Career Opportunities,egmk,https://egmk.fa.us6.oraclecloud.com/hcmUI/CandidateExperience/en/sites/CX_1
Camden,ehap,https://ehap.fa.us2.oraclecloud.com/hcmUI/CandidateExperience/en/sites/CX_1
Candidate Experience Site - Campus,hdpc,https://hdpc.fa.us2.oraclecloud.com/hcmUI/CandidateExperience/en/sites/CX_1
Canon,ejqe,https://ejqe.fa.em2.oraclecloud.com/hcmUI/CandidateExperience/en/sites/CX_1
Cantor Fitzgerald/BGC,hdow,https://hdow.fa.us6.oraclecloud.com/hcmUI/CandidateExperience/en/sites/CX_1
Career Site,iaceiz,https://iaceiz.fa.ocs.oraclecloud.com/hcmUI/CandidateExperience/en/sites/CX_1
Careers at Atlantic Health System,erqh,https://erqh.fa.us2.oraclecloud.com/hcmUI/CandidateExperience/en/sites/CX_1
Careers at CBIZ,ebez,https://ebez.fa.us2.oraclecloud.com/hcmUI/CandidateExperience/en/sites/CX_1
Careers at Heathrow,encd,https://encd.fa.em3.oraclecloud.com/hcmUI/CandidateExperience/en/sites/CX_1
Careers at Marriott,ejwl,https://ejwl.fa.us2.oraclecloud.com/hcmUI/CandidateExperience/en/sites/CX_1
Careers | BXP,edxn,https://edxn.fa.us2.oraclecloud.com/hcmUI/CandidateExperience/en/sites/CX_1
Careers|CURIA,hcug,https://hcug.fa.us2.oraclecloud.com/hcmUI/CandidateExperience/en/sites/CX_1
Carnival Corporation,eicl,https://eicl.fa.em5.oraclecloud.com/hcmUI/CandidateExperience/en/sites/CX_1
Carrington,emvo,https://emvo.fa.us2.oraclecloud.com/hcmUI/CandidateExperience/en/sites/CX_1
Cbzp,cbzp,https://cbzp.fa.ap1.oraclecloud.com/hcmUI/CandidateExperience/en/sites/CX_1
Cedars-Sinai,hdkk,https://hdkk.fa.us6.oraclecloud.com/hcmUI/CandidateExperience/en/sites/CX_1
Centrus Global Career Site,eese,https://eese.fa.us8.oraclecloud.com/hcmUI/CandidateExperience/en/sites/CX_1
Cherokee Federal,ibtcjb,https://ibtcjb.fa.ocs.oraclecloud.com/hcmUI/CandidateExperience/en/sites/CX_1
Cherokee Nation Businesses Corporate,ejvp,https://ejvp.fa.us2.oraclecloud.com/hcmUI/CandidateExperience/en/sites/CX_1
Choctaw Nation of Oklahoma,egoh,https://egoh.fa.us2.oraclecloud.com/hcmUI/CandidateExperience/en/sites/CX_1
Church,epej,https://epej.fa.us2.oraclecloud.com/hcmUI/CandidateExperience/en/sites/CX_1
Citizens,eeab,https://eeab.fa.us2.oraclecloud.com/hcmUI/CandidateExperience/en/sites/CX_1
City Of Atlanta,ehxr,https://ehxr.fa.us2.oraclecloud.com/hcmUI/CandidateExperience/en/sites/CX_1
Clean Harbors External Career Site,epyc,https://epyc.fa.us2.oraclecloud.com/hcmUI/CandidateExperience/en/sites/CX_1
ClubCorp,ecwl,https://ecwl.fa.us2.oraclecloud.com/hcmUI/CandidateExperience/en/sites/CX_1
Coherent Corp. US,hcwp,https://hcwp.fa.us2.oraclecloud.com/hcmUI/CandidateExperience/en/sites/CX_1
Cohu Careers,hcbo,https://hcbo.fa.us2.oraclecloud.com/hcmUI/CandidateExperience/en/sites/CX_1
Conduent,egua,https://egua.fa.us2.oraclecloud.com/hcmUI/CandidateExperience/en/sites/CX_1
CooperCompanies,hcjy,https://hcjy.fa.us2.oraclecloud.com/hcmUI/CandidateExperience/en/sites/CX_1
Corporate Careers | Trueblue,ehnn,https://ehnn.fa.us2.oraclecloud.com/hcmUI/CandidateExperience/en/sites/CX_1
Cottage Health,eglz,https://eglz.fa.us2.oraclecloud.com/hcmUI/CandidateExperience/en/sites/CX_1
Cummins Arabia External Career Site,hdjd,https://hdjd.fa.em3.oraclecloud.com/hcmUI/CandidateExperience/en/sites/CX_1
Cytel,iblyjb,https://iblyjb.fa.ocs.oraclecloud.com/hcmUI/CandidateExperience/en/sites/CX_1
DAMAC,ejwe,https://ejwe.fa.em2.oraclecloud.com/hcmUI/CandidateExperience/en/sites/CX_1
DC Water Candidate Experience site,elxb,https://elxb.fa.us2.oraclecloud.com/hcmUI/CandidateExperience/en/sites/CX_1
DLL Group,iabcbn,https://iabcbn.fa.ocs.oraclecloud.com/hcmUI/CandidateExperience/en/sites/CX_1
DNV careers,ecyq,https://ecyq.fa.em2.oraclecloud.com/hcmUI/CandidateExperience/en/sites/CX_1
DP World,ehpv,https://ehpv.fa.em2.oraclecloud.com/hcmUI/CandidateExperience/en/sites/CX_1
DTCC Candidate Experience Site,ebxr,https://ebxr.fa.us2.oraclecloud.com/hcmUI/CandidateExperience/en/sites/CX_1
DTU Career Site,efzu,https://efzu.fa.em2.oraclecloud.com/hcmUI/CandidateExperience/en/sites/CX_1
Dallah Recruitment System,eniy,https://eniy.fa.em3.oraclecloud.com/hcmUI/CandidateExperience/en/sites/CX_1
Datavail Career Site,eifn,https://eifn.fa.us6.oraclecloud.com/hcmUI/CandidateExperience/en/sites/CX_1
Diebold Nixdorf,eeug,https://eeug.fa.us6.oraclecloud.com/hcmUI/CandidateExperience/en/sites/CX_1
Digital Realty Global,hdep,https://hdep.fa.us2.oraclecloud.com/hcmUI/CandidateExperience/en/sites/CX_1
Dubai Holding,esbe,https://esbe.fa.em8.oraclecloud.com/hcmUI/CandidateExperience/en/sites/CX_1
Dubai World Trade Centre -,bun,https://bun.fa.em2.oraclecloud.com/hcmUI/CandidateExperience/en/sites/CX_1
ELCA Global Career site,iaaras,https://iaaras.fa.ocs.oraclecloud.com/hcmUI/CandidateExperience/en/sites/CX_1
EMAAR,emhm,https://emhm.fa.em2.oraclecloud.com/hcmUI/CandidateExperience/en/sites/CX_1
EMSS,eism,https://eism.fa.em2.oraclecloud.com/hcmUI/CandidateExperience/en/sites/CX_1
EMkan,iafckf,https://iafckf.fa.ocs.oraclecloud.com/hcmUI/CandidateExperience/en/sites/CX_1
ESEC Experience site,ebfi,https://ebfi.fa.em2.oraclecloud.com/hcmUI/CandidateExperience/en/sites/CX_1
ESF Career Site-External,eoix,https://eoix.fa.ap1.oraclecloud.com/hcmUI/CandidateExperience/en/sites/CX_1
EXP,elcn,https://elcn.fa.us2.oraclecloud.com/hcmUI/CandidateExperience/en/sites/CX_1
Eccd,eccd,https://eccd.fa.em2.oraclecloud.com/hcmUI/CandidateExperience/en/sites/CX_1
Ecnf,ecnf,https://ecnf.fa.us2.oraclecloud.com/hcmUI/CandidateExperience/en/sites/CX_1
Ecwr,ecwr,https://ecwr.fa.us2.oraclecloud.com/hcmUI/CandidateExperience/en/sites/CX_1
Edel,edel,https://edel.fa.us2.oraclecloud.com/hcmUI/CandidateExperience/en/sites/CX_1
Edyo,edyo,https://edyo.fa.us2.oraclecloud.com/hcmUI/CandidateExperience/en/sites/CX_1
Eega,eega,https://eega.fa.ap1.oraclecloud.com/hcmUI/CandidateExperience/en/sites/CX_1
Eexi,eexi,https://eexi.fa.em3.oraclecloud.com/hcmUI/CandidateExperience/en/sites/CX_1
Efoa,efoa,https://efoa.fa.us6.oraclecloud.com/hcmUI/CandidateExperience/en/sites/CX_1
Egge,egge,https://egge.fa.ap1.oraclecloud.com/hcmUI/CandidateExperience/en/sites/CX_1
Egpa,egpa,https://egpa.fa.em3.oraclecloud.com/hcmUI/CandidateExperience/en/sites/CX_1
Egrh,egrh,https://egrh.fa.ap1.oraclecloud.com/hcmUI/CandidateExperience/en/sites/CX_1
Ehfo,ehfo,https://ehfo.fa.em2.oraclecloud.com/hcmUI/CandidateExperience/en/sites/CX_1
Eiek,eiek,https://eiek.fa.em2.oraclecloud.com/hcmUI/CandidateExperience/en/sites/CX_1
Eigf,eigf,https://eigf.fa.us8.oraclecloud.com/hcmUI/CandidateExperience/en/sites/CX_1
Eigu,eigu,https://eigu.fa.em2.oraclecloud.com/hcmUI/CandidateExperience/en/sites/CX_1
Eijc,eijc,https://eijc.fa.em2.oraclecloud.com/hcmUI/CandidateExperience/en/sites/CX_1
Eims,eims,https://eims.fa.us2.oraclecloud.com/hcmUI/CandidateExperience/en/sites/CX_1
Eisq,eisq,https://eisq.fa.us6.oraclecloud.com/hcmUI/CandidateExperience/en/sites/CX_1
Ejbr,ejbr,https://ejbr.fa.us6.oraclecloud.com/hcmUI/CandidateExperience/en/sites/CX_1
Ejep,ejep,https://ejep.fa.us2.oraclecloud.com/hcmUI/CandidateExperience/en/sites/CX_1
Ejis,ejis,https://ejis.fa.us6.oraclecloud.com/hcmUI/CandidateExperience/en/sites/CX_1
Ejov,ejov,https://ejov.fa.ca2.oraclecloud.com/hcmUI/CandidateExperience/en/sites/CX_1
Ejyf,ejyf,https://ejyf.fa.us2.oraclecloud.com/hcmUI/CandidateExperience/en/sites/CX_1
Ekcm,ekcm,https://ekcm.fa.us6.oraclecloud.com/hcmUI/CandidateExperience/en/sites/CX_1
Ekcn,ekcn,https://ekcn.fa.us6.oraclecloud.com/hcmUI/CandidateExperience/en/sites/CX_1
Ekkt,ekkt,https://ekkt.fa.us2.oraclecloud.com/hcmUI/CandidateExperience/en/sites/CX_1
Ekxv,ekxv,https://ekxv.fa.ap1.oraclecloud.com/hcmUI/CandidateExperience/en/sites/CX_1
Elaj,elaj,https://elaj.fa.us2.oraclecloud.com/hcmUI/CandidateExperience/en/sites/CX_1
Elhr,elhr,https://elhr.fa.us2.oraclecloud.com/hcmUI/CandidateExperience/en/sites/CX_1
Eloc,eloc,https://eloc.fa.em3.oraclecloud.com/hcmUI/CandidateExperience/en/sites/CX_1
Emerson Career Site,hdjq,https://hdjq.fa.us2.oraclecloud.com/hcmUI/CandidateExperience/en/sites/CX_1
Emirates Healthcare,hcbh,https://hcbh.fa.em2.oraclecloud.com/hcmUI/CandidateExperience/en/sites/CX_1
England Rugby,ecer,https://ecer.fa.em2.oraclecloud.com/hcmUI/CandidateExperience/en/sites/CX_1
Enxa,enxa,https://enxa.fa.em8.oraclecloud.com/hcmUI/CandidateExperience/en/sites/CX_1
Eohs,eohs,https://eohs.fa.ap2.oraclecloud.com/hcmUI/CandidateExperience/en/sites/CX_1
Equity Residential,hcjm,https://hcjm.fa.us2.oraclecloud.com/hcmUI/CandidateExperience/en/sites/CX_1
Erey,erey,https://erey.fa.em3.oraclecloud.com/hcmUI/CandidateExperience/en/sites/CX_1
Euroclear,don,https://don.fa.em2.oraclecloud.com/hcmUI/CandidateExperience/en/sites/CX_1
Explore RH Careers,hcqq,https://hcqq.fa.us2.oraclecloud.com/hcmUI/CandidateExperience/en/sites/CX_1
External Site,ekez,https://ekez.fa.em2.oraclecloud.com/hcmUI/CandidateExperience/en/sites/CX_1
FAB |,ehjd,https://ehjd.fa.em2.oraclecloud.com/hcmUI/CandidateExperience/en/sites/CX_1
Fife Council Jobs and Careers,ekmu,https://ekmu.fa.em3.oraclecloud.com/hcmUI/CandidateExperience/en/sites/CX_1
Ford Global Career Site,efds,https://efds.fa.em5.oraclecloud.com/hcmUI/CandidateExperience/en/sites/CX_1
Fortive Careers,ejta,https://ejta.fa.us6.oraclecloud.com/hcmUI/CandidateExperience/en/sites/CX_1
Forward,eguq,https://eguq.fa.us2.oraclecloud.com/hcmUI/CandidateExperience/en/sites/CX_1
GCAA,elon,https://elon.fa.em8.oraclecloud.com/hcmUI/CandidateExperience/en/sites/CX_1
GCI Careers,edqv,https://edqv.fa.us2.oraclecloud.com/hcmUI/CandidateExperience/en/sites/CX_1
GP Strategies Career Site,eetz,https://eetz.fa.us6.oraclecloud.com/hcmUI/CandidateExperience/en/sites/CX_1
Galadari Brothers,efcs,https://efcs.fa.em3.oraclecloud.com/hcmUI/CandidateExperience/en/sites/CX_1
Galliford Try,cbct,https://cbct.fa.em2.oraclecloud.com/hcmUI/CandidateExperience/en/sites/CX_1
Garrett Advancing Motion,ehth,https://ehth.fa.em2.oraclecloud.com/hcmUI/CandidateExperience/en/sites/CX_1
Global,hcwx,https://hcwx.fa.us2.oraclecloud.com/hcmUI/CandidateExperience/en/sites/CX_1
Global Careers,ekpl,https://ekpl.fa.us6.oraclecloud.com/hcmUI/CandidateExperience/en/sites/CX_1
Golden Goose,iaagmj,https://iaagmj.fa.ocs.oraclecloud.com/hcmUI/CandidateExperience/en/sites/CX_1
Grant Thornton - US,ehzq,https://ehzq.fa.us2.oraclecloud.com/hcmUI/CandidateExperience/en/sites/CX_1
Guthrie Careers,elfw,https://elfw.fa.us2.oraclecloud.com/hcmUI/CandidateExperience/en/sites/CX_1
HBL People,hdcs,https://hdcs.fa.ap1.oraclecloud.com/hcmUI/CandidateExperience/en/sites/CX_1
Hand Protection,emdm,https://emdm.fa.ap1.oraclecloud.com/hcmUI/CandidateExperience/en/sites/CX_1
Harrah's Cherokee Casino Resort,epgr,https://epgr.fa.us6.oraclecloud.com/hcmUI/CandidateExperience/en/sites/CX_1
Hcbt,hcbt,https://hcbt.fa.em2.oraclecloud.com/hcmUI/CandidateExperience/en/sites/CX_1
Hccz,hccz,https://hccz.fa.em3.oraclecloud.com/hcmUI/CandidateExperience/en/sites/CX_1
Hcgn,hcgn,https://hcgn.fa.us2.oraclecloud.com/hcmUI/CandidateExperience/en/sites/CX_1
Hdbc,hdbc,https://hdbc.fa.em2.oraclecloud.com/hcmUI/CandidateExperience/en/sites/CX_1
Hdhe,hdhe,https://hdhe.fa.em3.oraclecloud.com/hcmUI/CandidateExperience/en/sites/CX_1
Hearst,eevd,https://eevd.fa.us6.oraclecloud.com/hcmUI/CandidateExperience/en/sites/CX_1
Heriot-Watt University,enzj,https://enzj.fa.em3.oraclecloud.com/hcmUI/CandidateExperience/en/sites/CX_1
Hill Minimal 112022,hcib,https://hcib.fa.us2.oraclecloud.com/hcmUI/CandidateExperience/en/sites/CX_1
Hillside,ebrf,https://ebrf.fa.us2.oraclecloud.com/hcmUI/CandidateExperience/en/sites/CX_1
Hilton Grand Vacations,efuq,https://efuq.fa.us6.oraclecloud.com/hcmUI/CandidateExperience/en/sites/CX_1
Hoag,iaucqy,https://iaucqy.fa.ocs.oraclecloud.com/hcmUI/CandidateExperience/en/sites/CX_1
Hoffman Construction Company,efsp,https://efsp.fa.us6.oraclecloud.com/hcmUI/CandidateExperience/en/sites/CX_1
Hologic Careers,ebwb,https://ebwb.fa.us2.oraclecloud.com/hcmUI/CandidateExperience/en/sites/CX_1
Home Page,hdhy,https://hdhy.fa.em3.oraclecloud.com/hcmUI/CandidateExperience/en/sites/CX_1
Honeywell,ibqbjb,https://ibqbjb.fa.ocs.oraclecloud.com/hcmUI/CandidateExperience/en/sites/CX_1
IB,ejst,https://ejst.fa.em3.oraclecloud.com/hcmUI/CandidateExperience/en/sites/CX_1
INSEAD,iablgs,https://iablgs.fa.ocs.oraclecloud.com/hcmUI/CandidateExperience/en/sites/CX_1
INTEGRIS Health,ertr,https://ertr.fa.us2.oraclecloud.com/hcmUI/CandidateExperience/en/sites/CX_1
IP Global Career Site,iazbqy,https://iazbqy.fa.ocs.oraclecloud.com/hcmUI/CandidateExperience/en/sites/CX_1
IRENA Employment,eexh,https://eexh.fa.em3.oraclecloud.com/hcmUI/CandidateExperience/en/sites/CX_1
Iaajkf,iaajkf,https://iaajkf.fa.ocs.oraclecloud.com/hcmUI/CandidateExperience/en/sites/CX_1
Iaavbk,iaavbk,https://iaavbk.fa.ocs.oraclecloud.com/hcmUI/CandidateExperience/en/sites/CX_1
Iabezv,iabezv,https://iabezv.fa.ocs.oraclecloud.com/hcmUI/CandidateExperience/en/sites/CX_1
Iacvkf,iacvkf,https://iacvkf.fa.ocs.oraclecloud.com/hcmUI/CandidateExperience/en/sites/CX_1
Iadbkf,iadbkf,https://iadbkf.fa.ocs.oraclecloud.com/hcmUI/CandidateExperience/en/sites/CX_1
Iaeukf,iaeukf,https://iaeukf.fa.ocs.oraclecloud.com/hcmUI/CandidateExperience/en/sites/CX_1
Iamxme,iamxme,https://iamxme.fa.ocs.oraclecloud.com/hcmUI/CandidateExperience/en/sites/CX_1
Iaogqy,iaogqy,https://iaogqy.fa.ocs.oraclecloud.com/hcmUI/CandidateExperience/en/sites/CX_1
Ibarqy,ibarqy,https://ibarqy.fa.ocs.oraclecloud.com/hcmUI/CandidateExperience/en/sites/CX_1
Ibyijb,ibyijb,https://ibyijb.fa.ocs.oraclecloud.com/hcmUI/CandidateExperience/en/sites/CX_1
Icertis,iaaviz,https://iaaviz.fa.ocs.oraclecloud.com/hcmUI/CandidateExperience/en/sites/CX_1
Infoblox Careers,efpv,https://efpv.fa.us6.oraclecloud.com/hcmUI/CandidateExperience/en/sites/CX_1
Inova,elar,https://elar.fa.us2.oraclecloud.com/hcmUI/CandidateExperience/en/sites/CX_1
Inspira Health,ernh,https://ernh.fa.us2.oraclecloud.com/hcmUI/CandidateExperience/en/sites/CX_1
Intertek US,hcog,https://hcog.fa.em2.oraclecloud.com/hcmUI/CandidateExperience/en/sites/CX_1
Ipsos,ecqf,https://ecqf.fa.em2.oraclecloud.com/hcmUI/CandidateExperience/en/sites/CX_1
Jefferies,hdid,https://hdid.fa.us2.oraclecloud.com/hcmUI/CandidateExperience/en/sites/CX_1
Job Opportunities | MCB Group,ekbd,https://ekbd.fa.em2.oraclecloud.com/hcmUI/CandidateExperience/en/sites/CX_1
Jobs at Acosta,eczy,https://eczy.fa.us2.oraclecloud.com/hcmUI/CandidateExperience/en/sites/CX_1
KPMG,elzw,https://elzw.fa.em8.oraclecloud.com/hcmUI/CandidateExperience/en/sites/CX_1
KPMG India,ejgk,https://ejgk.fa.em2.oraclecloud.com/hcmUI/CandidateExperience/en/sites/CX_1
Kroll,hcxs,https://hcxs.fa.us2.oraclecloud.com/hcmUI/CandidateExperience/en/sites/CX_1
LANDMARK GROUP,efhi,https://efhi.fa.em3.oraclecloud.com/hcmUI/CandidateExperience/en/sites/CX_1
Lewisham Career Site,efuy,https://efuy.fa.em3.oraclecloud.com/hcmUI/CandidateExperience/en/sites/CX_1
LifeView Group,etud,https://etud.fa.us8.oraclecloud.com/hcmUI/CandidateExperience/en/sites/CX_1
Loma Linda,egln,https://egln.fa.us2.oraclecloud.com/hcmUI/CandidateExperience/en/sites/CX_1
Lucy Group,hdga,https://hdga.fa.em3.oraclecloud.com/hcmUI/CandidateExperience/en/sites/CX_1
MAS Holdings,egmh,https://egmh.fa.us6.oraclecloud.com/hcmUI/CandidateExperience/en/sites/CX_1
MBC Group,ehff,https://ehff.fa.em2.oraclecloud.com/hcmUI/CandidateExperience/en/sites/CX_1
MHRA,eckx,https://eckx.fa.em2.oraclecloud.com/hcmUI/CandidateExperience/en/sites/CX_1
MTN EXTERNAL CAREER SITE,ehle,https://ehle.fa.em2.oraclecloud.com/hcmUI/CandidateExperience/en/sites/CX_1
MX Career Site,ehtc,https://ehtc.fa.ca2.oraclecloud.com/hcmUI/CandidateExperience/en/sites/CX_1
Macy's,ebwh,https://ebwh.fa.us2.oraclecloud.com/hcmUI/CandidateExperience/en/sites/CX_1
Mashreq Careers,hcld,https://hcld.fa.em2.oraclecloud.com/hcmUI/CandidateExperience/en/sites/CX_1
Masimo,egcu,https://egcu.fa.us6.oraclecloud.com/hcmUI/CandidateExperience/en/sites/CX_1
Mauser Packaging Solutions,hdpn,https://hdpn.fa.us6.oraclecloud.com/hcmUI/CandidateExperience/en/sites/CX_1
McDermott External Career Site,edsv,https://edsv.fa.us2.oraclecloud.com/hcmUI/CandidateExperience/en/sites/CX_1
McLeod Careers Section,erym,https://erym.fa.us6.oraclecloud.com/hcmUI/CandidateExperience/en/sites/CX_1
Metalsa Career Site,hcun,https://hcun.fa.us2.oraclecloud.com/hcmUI/CandidateExperience/en/sites/CX_1
Michael Baker International,ebxs,https://ebxs.fa.us2.oraclecloud.com/hcmUI/CandidateExperience/en/sites/CX_1
Milaha,ejqa,https://ejqa.fa.em2.oraclecloud.com/hcmUI/CandidateExperience/en/sites/CX_1
Misk Foundation New Career Site Splash Page,ejpi,https://ejpi.fa.em2.oraclecloud.com/hcmUI/CandidateExperience/en/sites/CX_1
"Mission Support & Test Services, LLC (MSTS)",ewij,https://ewij.fa.us8.oraclecloud.com/hcmUI/CandidateExperience/en/sites/CX_1
Monro,ibqmjb,https://ibqmjb.fa.ocs.oraclecloud.com/hcmUI/CandidateExperience/en/sites/CX_1
Motherson_North America Careers,hcnh,https://hcnh.fa.us2.oraclecloud.com/hcmUI/CandidateExperience/en/sites/CX_1
Mountaire Jobs,ebtg,https://ebtg.fa.us2.oraclecloud.com/hcmUI/CandidateExperience/en/sites/CX_1
Mouser,eabw,https://eabw.fa.us2.oraclecloud.com/hcmUI/CandidateExperience/en/sites/CX_1
NFL Career Site,hdmm,https://hdmm.fa.us6.oraclecloud.com/hcmUI/CandidateExperience/en/sites/CX_1
NMC,eiby,https://eiby.fa.em2.oraclecloud.com/hcmUI/CandidateExperience/en/sites/CX_1
NOV,egay,https://egay.fa.us6.oraclecloud.com/hcmUI/CandidateExperience/en/sites/CX_1
NRC NORCAP Careers,ekum,https://ekum.fa.em2.oraclecloud.com/hcmUI/CandidateExperience/en/sites/CX_1
NSF,hcnz,https://hcnz.fa.us2.oraclecloud.com/hcmUI/CandidateExperience/en/sites/CX_1
Nahdi,efan,https://efan.fa.em3.oraclecloud.com/hcmUI/CandidateExperience/en/sites/CX_1
Napco Careers,iaeegs,https://iaeegs.fa.ocs.oraclecloud.com/hcmUI/CandidateExperience/en/sites/CX_1
National Bank of Kenya,eoin,https://eoin.fa.em3.oraclecloud.com/hcmUI/CandidateExperience/en/sites/CX_1
NemoursCareerSite,epyz,https://epyz.fa.us2.oraclecloud.com/hcmUI/CandidateExperience/en/sites/CX_1
Northwell Career Site,eppr,https://eppr.fa.us2.oraclecloud.com/hcmUI/CandidateExperience/en/sites/CX_1
Notified,eclz,https://eclz.fa.us2.oraclecloud.com/hcmUI/CandidateExperience/en/sites/CX_1
Onity External Career Site,ebhz,https://ebhz.fa.us2.oraclecloud.com/hcmUI/CandidateExperience/en/sites/CX_1
Online @ Air Selangor,egek,https://egek.fa.ap1.oraclecloud.com/hcmUI/CandidateExperience/en/sites/CX_1
Opus,iaaxiz,https://iaaxiz.fa.ocs.oraclecloud.com/hcmUI/CandidateExperience/en/sites/CX_1
Oracle,eeho,https://eeho.fa.us2.oraclecloud.com/hcmUI/CandidateExperience/en/sites/CX_1
Oxford Nanopore Technologies,ejnh,https://ejnh.fa.em2.oraclecloud.com/hcmUI/CandidateExperience/en/sites/CX_1
Piramal,hcwf,https://hcwf.fa.ap1.oraclecloud.com/hcmUI/CandidateExperience/en/sites/CX_1
Proskauer,dfa,https://dfa.fa.us1.oraclecloud.com/hcmUI/CandidateExperience/en/sites/CX_1
Providence,evac,https://evac.fa.us2.oraclecloud.com/hcmUI/CandidateExperience/en/sites/CX_1
Pyxus,iahome,https://iahome.fa.ocs.oraclecloud.com/hcmUI/CandidateExperience/en/sites/CX_1
Quest Diagnostics Careers,hdox,https://hdox.fa.us6.oraclecloud.com/hcmUI/CandidateExperience/en/sites/CX_1
R+L Carriers,erhk,https://erhk.fa.us2.oraclecloud.com/hcmUI/CandidateExperience/en/sites/CX_1
REDCON - Candidate Career site,eiej,https://eiej.fa.em2.oraclecloud.com/hcmUI/CandidateExperience/en/sites/CX_1
Resideo,ehtl,https://ehtl.fa.us6.oraclecloud.com/hcmUI/CandidateExperience/en/sites/CX_1
Rice University Minimal Template External Career Site,emdz,https://emdz.fa.us2.oraclecloud.com/hcmUI/CandidateExperience/en/sites/CX_1
Ricoh Careers,cbha,https://cbha.fa.us2.oraclecloud.com/hcmUI/CandidateExperience/en/sites/CX_1
S&C Minimal Career Site,ejia,https://ejia.fa.us6.oraclecloud.com/hcmUI/CandidateExperience/en/sites/CX_1
SAIL BSL,iabaiz,https://iabaiz.fa.ocs.oraclecloud.com/hcmUI/CandidateExperience/en/sites/CX_1
SALIC Career Site,hen,https://hen.fa.em2.oraclecloud.com/hcmUI/CandidateExperience/en/sites/CX_1
SBH Careers,eigx,https://eigx.fa.us6.oraclecloud.com/hcmUI/CandidateExperience/en/sites/CX_1
SCI Career Site,hcri,https://hcri.fa.em2.oraclecloud.com/hcmUI/CandidateExperience/en/sites/CX_1
SHANER,ebwv,https://ebwv.fa.us2.oraclecloud.com/hcmUI/CandidateExperience/en/sites/CX_1
SPL - Career Site,iaazkf,https://iaazkf.fa.ocs.oraclecloud.com/hcmUI/CandidateExperience/en/sites/CX_1
Safaricom Candidate Experience site,egjd,https://egjd.fa.us6.oraclecloud.com/hcmUI/CandidateExperience/en/sites/CX_1
Samsonite,ekkf,https://ekkf.fa.em2.oraclecloud.com/hcmUI/CandidateExperience/en/sites/CX_1
Schroders,ekbq,https://ekbq.fa.em2.oraclecloud.com/hcmUI/CandidateExperience/en/sites/CX_1
Seaspan,hckz,https://hckz.fa.us2.oraclecloud.com/hcmUI/CandidateExperience/en/sites/CX_1
Securitas Security Services,ekaw,https://ekaw.fa.us2.oraclecloud.com/hcmUI/CandidateExperience/en/sites/CX_1
Sherwin-Williams,ejhp,https://ejhp.fa.us6.oraclecloud.com/hcmUI/CandidateExperience/en/sites/CX_1
Sinch,iaings,https://iaings.fa.ocs.oraclecloud.com/hcmUI/CandidateExperience/en/sites/CX_1
Sinclair Broadcast Group,edyy,https://edyy.fa.us2.oraclecloud.com/hcmUI/CandidateExperience/en/sites/CX_1
Sitio de Carrera Banregio,ehyn,https://ehyn.fa.us6.oraclecloud.com/hcmUI/CandidateExperience/en/sites/CX_1
Sotera Health,eftx,https://eftx.fa.us6.oraclecloud.com/hcmUI/CandidateExperience/en/sites/CX_1
Southern Company,emje,https://emje.fa.us6.oraclecloud.com/hcmUI/CandidateExperience/en/sites/CX_1
Standard Aero,cva,https://cva.fa.us1.oraclecloud.com/hcmUI/CandidateExperience/en/sites/CX_1
Stantec,hdhl,https://hdhl.fa.us6.oraclecloud.com/hcmUI/CandidateExperience/en/sites/CX_1
Station Casinos,ejfh,https://ejfh.fa.us6.oraclecloud.com/hcmUI/CandidateExperience/en/sites/CX_1
Stats Perform,eobe,https://eobe.fa.em2.oraclecloud.com/hcmUI/CandidateExperience/en/sites/CX_1
Stolt-Nielsen,eclo,https://eclo.fa.em2.oraclecloud.com/hcmUI/CandidateExperience/en/sites/CX_1
Subaru,hcal,https://hcal.fa.us2.oraclecloud.com/hcmUI/CandidateExperience/en/sites/CX_1
Suffolk Jobs Direct,eoce,https://eoce.fa.em3.oraclecloud.com/hcmUI/CandidateExperience/en/sites/CX_1
Sun River Health,edvy,https://edvy.fa.us2.oraclecloud.com/hcmUI/CandidateExperience/en/sites/CX_1
Sundt Careers,eewl,https://eewl.fa.us6.oraclecloud.com/hcmUI/CandidateExperience/en/sites/CX_1
T.EN Career Site,hcxg,https://hcxg.fa.em2.oraclecloud.com/hcmUI/CandidateExperience/en/sites/CX_1
TG_WFSJobs,iaboey,https://iaboey.fa.ocs.oraclecloud.com/hcmUI/CandidateExperience/en/sites/CX_1
TTX,ejjc,https://ejjc.fa.us6.oraclecloud.com/hcmUI/CandidateExperience/en/sites/CX_1
TWE Global Careers,ebpm,https://ebpm.fa.us2.oraclecloud.com/hcmUI/CandidateExperience/en/sites/CX_1
Talent Acquisition,enpk,https://enpk.fa.em8.oraclecloud.com/hcmUI/CandidateExperience/en/sites/CX_1
Tamaki Health Careers,iaantz,https://iaantz.fa.ocs.oraclecloud.com/hcmUI/CandidateExperience/en/sites/CX_1
Tamer Group Site,eenp,https://eenp.fa.em3.oraclecloud.com/hcmUI/CandidateExperience/en/sites/CX_1
Tata Capital,eofh,https://eofh.fa.em2.oraclecloud.com/hcmUI/CandidateExperience/en/sites/CX_1
Teekay,eipv,https://eipv.fa.us6.oraclecloud.com/hcmUI/CandidateExperience/en/sites/CX_1
Tenet Healthcare Corporation,eodr,https://eodr.fa.us2.oraclecloud.com/hcmUI/CandidateExperience/en/sites/CX_1
Texas Children's Careers,eohh,https://eohh.fa.us2.oraclecloud.com/hcmUI/CandidateExperience/en/sites/CX_1
Texas Instruments,edbz,https://edbz.fa.us2.oraclecloud.com/hcmUI/CandidateExperience/en/sites/CX_1
The Arab Energy Fund,iaebkf,https://iaebkf.fa.ocs.oraclecloud.com/hcmUI/CandidateExperience/en/sites/CX_1
The City of Edinburgh Council,iaghme,https://iaghme.fa.ocs.oraclecloud.com/hcmUI/CandidateExperience/en/sites/CX_1
The Fedcap Group,eckb,https://eckb.fa.us2.oraclecloud.com/hcmUI/CandidateExperience/en/sites/CX_1
The Kroger Co.,eluq,https://eluq.fa.us2.oraclecloud.com/hcmUI/CandidateExperience/en/sites/CX_1
Tiffany,eljs,https://eljs.fa.us2.oraclecloud.com/hcmUI/CandidateExperience/en/sites/CX_1
Trillium Health Partners,iadyup,https://iadyup.fa.ocs.oraclecloud.com/hcmUI/CandidateExperience/en/sites/CX_1
UC Health Career Site,eswt,https://eswt.fa.us6.oraclecloud.com/hcmUI/CandidateExperience/en/sites/CX_1
UNDP,estm,https://estm.fa.em2.oraclecloud.com/hcmUI/CandidateExperience/en/sites/CX_1
URUS Group,hdjm,https://hdjm.fa.ca2.oraclecloud.com/hcmUI/CandidateExperience/en/sites/CX_1
USS,icbajb,https://icbajb.fa.ocs.oraclecloud.com/hcmUI/CandidateExperience/en/sites/CX_1
UW Health,eimy,https://eimy.fa.us6.oraclecloud.com/hcmUI/CandidateExperience/en/sites/CX_1
UnitedLex,ekkk,https://ekkk.fa.us6.oraclecloud.com/hcmUI/CandidateExperience/en/sites/CX_1
University of Edinburgh,elxw,https://elxw.fa.em3.oraclecloud.com/hcmUI/CandidateExperience/en/sites/CX_1
VDOT Careers Site,etgi,https://etgi.fa.us8.oraclecloud.com/hcmUI/CandidateExperience/en/sites/CX_1
VITAS Healthcare,ejrz,https://ejrz.fa.us2.oraclecloud.com/hcmUI/CandidateExperience/en/sites/CX_1
Vanderbilt University,ecsr,https://ecsr.fa.us2.oraclecloud.com/hcmUI/CandidateExperience/en/sites/CX_1
Vertiv,egup,https://egup.fa.us2.oraclecloud.com/hcmUI/CandidateExperience/en/sites/CX_1
Vodafone Qatar,elat,https://elat.fa.em2.oraclecloud.com/hcmUI/CandidateExperience/en/sites/CX_1
WM,emcm,https://emcm.fa.us2.oraclecloud.com/hcmUI/CandidateExperience/en/sites/CX_1
WSP,emit,https://emit.fa.ca3.oraclecloud.com/hcmUI/CandidateExperience/en/sites/CX_1
WTW External Careers Site,eedu,https://eedu.fa.em3.oraclecloud.com/hcmUI/CandidateExperience/en/sites/CX_1
Well Enterprises - Career Site,hcsb,https://hcsb.fa.us2.oraclecloud.com/hcmUI/CandidateExperience/en/sites/CX_1
Wesco,eklm,https://eklm.fa.us2.oraclecloud.com/hcmUI/CandidateExperience/en/sites/CX_1
West Midlands Police,ecwz,https://ecwz.fa.em3.oraclecloud.com/hcmUI/CandidateExperience/en/sites/CX_1
Westpac Group,ebuu,https://ebuu.fa.ap1.oraclecloud.com/hcmUI/CandidateExperience/en/sites/CX_1
Williams-Sonoma,ehac,https://ehac.fa.us6.oraclecloud.com/hcmUI/CandidateExperience/en/sites/CX_1
Winning Form Careers Site,iagjme,https://iagjme.fa.ocs.oraclecloud.com/hcmUI/CandidateExperience/en/sites/CX_1
Wood,ehif,https://ehif.fa.em2.oraclecloud.com/hcmUI/CandidateExperience/en/sites/CX_1
Working at Signature Aviation,hdbt,https://hdbt.fa.us2.oraclecloud.com/hcmUI/CandidateExperience/en/sites/CX_1
Yum!,eczd,https://eczd.fa.us2.oraclecloud.com/hcmUI/CandidateExperience/en/sites/CX_1
Zeus,cbhm,https://cbhm.fa.us2.oraclecloud.com/hcmUI/CandidateExperience/en/sites/CX_1
ebtw.fa.us2.oraclecloud.com,ebtw,https://ebtw.fa.us2.oraclecloud.com/hcmUI/CandidateExperience/en/sites/CX_1
ectf.fa.us2.oraclecloud.com,ectf,https://ectf.fa.us2.oraclecloud.com/hcmUI/CandidateExperience/en/sites/CX_1
eduu.fa.us2.oraclecloud.com,eduu,https://eduu.fa.us2.oraclecloud.com/hcmUI/CandidateExperience/en/sites/CX_1
eees.fa.us2.oraclecloud.com,eees,https://eees.fa.us2.oraclecloud.com/hcmUI/CandidateExperience/en/sites/CX_1
eexs.fa.us2.oraclecloud.com,eexs,https://eexs.fa.us2.oraclecloud.com/hcmUI/CandidateExperience/en/sites/CX_1
egvv.fa.us6.oraclecloud.com,egvv,https://egvv.fa.us6.oraclecloud.com/hcmUI/CandidateExperience/en/sites/CX_1
ehgv.fa.em2.oraclecloud.com,ehgv,https://ehgv.fa.em2.oraclecloud.com/hcmUI/CandidateExperience/en/sites/CX_1
ehwy.fa.us2.oraclecloud.com,ehwy,https://ehwy.fa.us2.oraclecloud.com/hcmUI/CandidateExperience/en/sites/CX_1
ejql.fa.us6.oraclecloud.com,ejql,https://ejql.fa.us6.oraclecloud.com/hcmUI/CandidateExperience/en/sites/CX_1
ekcf.fa.us6.oraclecloud.com,ekcf,https://ekcf.fa.us6.oraclecloud.com/hcmUI/CandidateExperience/en/sites/CX_1
ekkh.fa.us2.oraclecloud.com,ekkh,https://ekkh.fa.us2.oraclecloud.com/hcmUI/CandidateExperience/en/sites/CX_1
ekug.fa.us6.oraclecloud.com,ekug,https://ekug.fa.us6.oraclecloud.com/hcmUI/CandidateExperience/en/sites/CX_1
enmv.fa.us2.oraclecloud.com,enmv,https://enmv.fa.us2.oraclecloud.com/hcmUI/CandidateExperience/en/sites/CX_1
enno.fa.ap1.oraclecloud.com,enno,https://enno.fa.ap1.oraclecloud.com/hcmUI/CandidateExperience/en/sites/CX_1
enqn.fa.us2.oraclecloud.com,enqn,https://enqn.fa.us2.oraclecloud.com/hcmUI/CandidateExperience/en/sites/CX_1
enxp.fa.us6.oraclecloud.com,enxp,https://enxp.fa.us6.oraclecloud.com/hcmUI/CandidateExperience/en/sites/CX_1
eubt.fa.us6.oraclecloud.com,eubt,https://eubt.fa.us6.oraclecloud.com/hcmUI/CandidateExperience/en/sites/CX_1
gka.fa.us1.oraclecloud.com,gka,https://gka.fa.us1.oraclecloud.com/hcmUI/CandidateExperience/en/sites/CX_1
hcfa.fa.us2.oraclecloud.com,hcfa,https://hcfa.fa.us2.oraclecloud.com/hcmUI/CandidateExperience/en/sites/CX_1
hckd.fa.us2.oraclecloud.com,hckd,https://hckd.fa.us2.oraclecloud.com/hcmUI/CandidateExperience/en/sites/CX_1
hctz.fa.us2.oraclecloud.com,hctz,https://hctz.fa.us2.oraclecloud.com/hcmUI/CandidateExperience/en/sites/CX_1
hcut.fa.ap2.oraclecloud.com,hcut,https://hcut.fa.ap2.oraclecloud.com/hcmUI/CandidateExperience/en/sites/CX_1
hcwt.fa.us2.oraclecloud.com,hcwt,https://hcwt.fa.us2.oraclecloud.com/hcmUI/CandidateExperience/en/sites/CX_1
hdbg.fa.us2.oraclecloud.com,hdbg,https://hdbg.fa.us2.oraclecloud.com/hcmUI/CandidateExperience/en/sites/CX_1
hdrc.fa.ca3.oraclecloud.com,hdrc,https://hdrc.fa.ca3.oraclecloud.com/hcmUI/CandidateExperience/en/sites/CX_1
hza.fa.us1.oraclecloud.com,hza,https://hza.fa.us1.oraclecloud.com/hcmUI/CandidateExperience/en/sites/CX_1
iabqiz.fa.ocs.oraclecloud.com,iabqiz,https://iabqiz.fa.ocs.oraclecloud.com/hcmUI/CandidateExperience/en/sites/CX_1
iaccgs.fa.ocs.oraclecloud.com,iaccgs,https://iaccgs.fa.ocs.oraclecloud.com/hcmUI/CandidateExperience/en/sites/CX_1
iahbme.fa.ocs.oraclecloud.com,iahbme,https://iahbme.fa.ocs.oraclecloud.com/hcmUI/CandidateExperience/en/sites/CX_1
iawmqy.fa.ocs.oraclecloud.com,iawmqy,https://iawmqy.fa.ocs.oraclecloud.com/hcmUI/CandidateExperience/en/sites/CX_1
iazuqy.fa.ocs.oraclecloud.com,iazuqy,https://iazuqy.fa.ocs.oraclecloud.com/hcmUI/CandidateExperience/en/sites/CX_1
ibmljb.fa.ocs.oraclecloud.com,ibmljb,https://ibmljb.fa.ocs.oraclecloud.com/hcmUI/CandidateExperience/en/sites/CX_1
ibnjjb.fa.ocs.oraclecloud.com,ibnjjb,https://ibnjjb.fa.ocs.oraclecloud.com/hcmUI/CandidateExperience/en/sites/CX_1
icfcjb.fa.ocs.oraclecloud.com,icfcjb,https://icfcjb.fa.ocs.oraclecloud.com/hcmUI/CandidateExperience/en/sites/CX_1
ooba,ejuu,https://ejuu.fa.em2.oraclecloud.com/hcmUI/CandidateExperience/en/sites/CX_1
the Myriad Genetics Candidate site,ekgn,https://ekgn.fa.us6.oraclecloud.com/hcmUI/CandidateExperience/en/sites/CX_1
