url,name,company_code,locale,country
https://jobs.bell.ca,bell canada,,en_us,us
https://careers.gehealthcare.com,ge healthcare,,en_us,us
https://careers.roche.com,Roche,,en_us,us
https://www.careers.philips.com,Philips,,en_us,us
https://career.electroluxgroup.com,Electrolux Group,,en_us,us
https://careers.southwestair.com,Southwest Airlines,,en_us,us
https://careers.petco.com,Petco,,en_us,us
https://careers.ucb.com,UCB Pharma,,en_us,us
https://careers.honeywell.com,Honeywell,,en_us,us
https://jobs.thecignagroup.com,Cigna Group,,en_us,us
https://careers.chenmed.com,ChenMed,,en_us,us
https://careers.fisglobal.com,FIS,,en_us,us
https://careers.allianz.com,Allianz,,en_us,us
https://jobs.cisco.com,Cisco,,en_us,us
https://careers.abb,ABB,,en_us,us
https://jobs.chop.edu,Children's Hospital of Philadelphia,,en_us,us
https://careers.dhl.com,DHL,,en_us,us
https://careers.clarivate.com,Clarivate,,en_us,us
https://careers.thalesgroup.com,Thales Group alt,,en_us,us
https://careers.hpe.com,HPE,,en_us,us
https://careers.bcg.com,BCG,,en_us,us
https://careers.wbd.com,Warner Bros Discovery,,en_us,us
https://careers.regions.com,Regions Bank,,en_us,us
https://careers.mastercard.com,Mastercard,,en_us,us
https://jobs.baesystems.com,BAE Systems,,en_us,us
https://careers.landolakes.com,Land O'Lakes,,en_us,us
https://careers.united.com,United Airlines main,,en_us,us
https://unitedairlines.phenompeople.net,United Airlines,,en_us,us
https://landolakesinc.com/careers,Land O Lakes alt,,en_us,us
https://careers.merckgroup.com,Merck Group,,en_us,us
https://jobs.bmo.com,BMO,,en_us,us
https://careers.dutchbros.com,Dutch Bros Coffee,,en_us,us
https://jobs.bmoharris.com,BMO Harris,,en_us,us
https://careers.usbank.com,US Bank,,en_us,us
https://careers.usventure.com,US Venture,,en_us,us
https://careers.pnc.com,PNC,,en_us,us
https://jobs.hilton.com,Hilton,,en_us,us
https://careers.radian.com,radian,,en_us,us
https://careers.mars.com,mars,,en_us,us
https://careers.foxrehab.org,foxrehab,,en_us,us
https://careers.conmed.com,conmed,,en_us,us
https://careers.thermofisher.com,thermofisher,,en_us,us
https://careers.michaels.com,michaels,,en_us,us
https://careers.aspendental.com,aspendental,,en_us,us
https://careers.gianteagle.com,gianteagle,,en_us,us
https://careers.bonsecours.com,bonsecours,,en_us,us
https://careers.omnicable.com,omnicable,,en_us,us
https://careers.cisco.com,cisco,,en_us,us
https://careers.itw.com,itw,,en_us,us
https://jobs.raytheon.com,raytheon,,en_us,us
https://careers.rtx.com,rtx,,en_us,us
https://careers.dupont.com,dupont,,en_us,us
https://careers.ppg.com,ppg,,en_us,us
https://jobs.applied.com,applied,,en_us,us
https://careers.thermofisher.com,thermofisher,,en_us,us
https://jobs.danaher.com,danaher,,en_us,us
https://careers.snowflake.com,snowflake,,en_us,us
https://careers.adobe.com,adobe,,en_us,us
https://careers.mcafee.com,mcafee,,en_us,us
https://careers.snowflake.com,snowflake,,en_us,us
https://careers.cisco.com,cisco,,en_us,us
https://careers.mcafee.com,mcafee,,en_us,us
https://careers.fiserv.com,fiserv,,en_us,us
https://careers.statestreet.com,statestreet,,en_us,us
https://careers.fiserv.com,fiserv,,en_us,us
https://qualtricscareers.com,qualtrics,,en_us,us
https://careers.cisco.com,cisco,,en_us,us
https://jobs.abbott.com,abbott,,en_us,us
https://jobs.msd.com,msd,,en_us,us
https://careers.covance.com,covance,,en_us,us
https://careers.labcorp.com,labcorp,,en_us,us
https://questcareers.com,quest,,en_us,us
https://careers.fortrea.com,fortrea,,en_us,us
https://careers.catalent.com,catalent,,en_us,us
https://jobs.abbott.com,abbott,,en_us,us
https://careers.zimmerbiomet.com,zimmerbiomet,,en_us,us
