name,slug,url
1lattice,1lattice,https://1lattice.recruiterbox.com
2workonline1,2workonline1,https://2workonline1.recruiterbox.com
accfb,accfb,https://accfb.recruiterbox.com
adgistics,adgistics,https://adgistics.recruiterbox.com
adidevtechnologies,adidevtechnologies,https://adidevtechnologies.recruiterbox.com
advsol,advsol,https://advsol.recruiterbox.com
aerosonic,aerosonic,https://aerosonic.recruiterbox.com
aeworks,aeworks,https://aeworks.recruiterbox.com
agila,agila,https://agila.recruiterbox.com
aixialgroup,aixialgroup,https://aixialgroup.recruiterbox.com
ajc,ajc,https://ajc.recruiterbox.com
ajob,ajob,https://ajob.recruiterbox.com
aliceandolivia,aliceandolivia,https://aliceandolivia.recruiterbox.com
alignable,alignable,https://alignable.hire.trakstar.com
alleghanyhealth,alleghanyhealth,https://alleghanyhealth.recruiterbox.com
allendigital,allendigital,https://allendigital.recruiterbox.com
alphasights,alphasights,https://alphasights.recruiterbox.com
alvine,alvine,https://alvine.recruiterbox.com
americanuniversity,americanuniversity,https://americanuniversity.recruiterbox.com
anchorfree,anchorfree,https://anchorfree.recruiterbox.com
anduin,anduin,https://anduin.recruiterbox.com
aprco,aprco,https://aprco.recruiterbox.com
aquilasw,aquilasw,https://aquilasw.recruiterbox.com
ardentlearninginc,ardentlearninginc,https://ardentlearninginc.recruiterbox.com
ascellatech,ascellatech,https://ascellatech.recruiterbox.com
athlete,athlete,https://athlete.recruiterbox.com
avaaz,avaaz,https://avaaz.recruiterbox.com
avaenergy,avaenergy,https://avaenergy.recruiterbox.com
avisbudgetpaylessrd,avisbudgetpaylessrd,https://avisbudgetpaylessrd.recruiterbox.com
babbellonian,babbellonian,https://babbellonian.recruiterbox.com
bennington,bennington,https://bennington.recruiterbox.com
bionews,bionews,https://bionews.recruiterbox.com
bookmyshow,bookmyshow,https://bookmyshow.recruiterbox.com
bracinternational,bracinternational,https://bracinternational.recruiterbox.com
brudis,brudis,https://brudis.recruiterbox.com
bsglaw,bsglaw,https://bsglaw.recruiterbox.com
cactusshoppi,cactusshoppi,https://cactusshoppi.recruiterbox.com
caixamagica,caixamagica,https://caixamagica.recruiterbox.com
cambridgecomputer,cambridgecomputer,https://cambridgecomputer.recruiterbox.com
cambrio,cambrio,https://cambrio.recruiterbox.com
caribbeancatalyst,caribbeancatalyst,https://caribbeancatalyst.recruiterbox.com
cashfree,cashfree,https://cashfree.recruiterbox.com
cassaday,cassaday,https://cassaday.recruiterbox.com
celtra,celtra,https://celtra.recruiterbox.com
chartcube,chartcube,https://chartcube.hire.trakstar.com
cheesecakelabs,cheesecakelabs,https://cheesecakelabs.recruiterbox.com
chilindo,chilindo,https://chilindo.recruiterbox.com
classe365,classe365,https://classe365.recruiterbox.com
cleanreturns,cleanreturns,https://cleanreturns.recruiterbox.com
climateactioncampaign,climateactioncampaign,https://climateactioncampaign.recruiterbox.com
cmruni,cmruni,https://cmruni.recruiterbox.com
codehs,codehs,https://codehs.recruiterbox.com
commsignia,commsignia,https://commsignia.recruiterbox.com
conyersga,conyersga,https://conyersga.recruiterbox.com
creliohealth,creliohealth,https://creliohealth.recruiterbox.com
crowdhouse,crowdhouse,https://crowdhouse.hire.trakstar.com
crystalknows,crystalknows,https://crystalknows.recruiterbox.com
datawords,datawords,https://datawords.recruiterbox.com
decathlonchina,decathlonchina,https://decathlonchina.recruiterbox.com
dekoit,dekoit,https://dekoit.recruiterbox.com
dito,dito,https://dito.recruiterbox.com
dlelectric,dlelectric,https://dlelectric.recruiterbox.com
dncapital,dncapital,https://dncapital.recruiterbox.com
doyouconvert,doyouconvert,https://doyouconvert.recruiterbox.com
dream11,dream11,https://dream11.recruiterbox.com
dreamclinic84937,dreamclinic84937,https://dreamclinic84937.recruiterbox.com
dripcapital,dripcapital,https://dripcapital.recruiterbox.com
driveai,driveai,https://driveai.hire.trakstar.com
dyversemarketing,dyversemarketing,https://dyversemarketing.recruiterbox.com
eagleandfox,eagleandfox,https://eagleandfox.hire.trakstar.com
eagletechva,eagletechva,https://eagletechva.recruiterbox.com
easebuzz,easebuzz,https://easebuzz.recruiterbox.com
ecmenergy,ecmenergy,https://ecmenergy.recruiterbox.com
egovernments,egovernments,https://egovernments.recruiterbox.com
egsllp,egsllp,https://egsllp.recruiterbox.com
elliottlewis,elliottlewis,https://elliottlewis.recruiterbox.com
enterpriseknowledge,enterpriseknowledge,https://enterpriseknowledge.recruiterbox.com
eridanis,eridanis,https://eridanis.recruiterbox.com
exotel,exotel,https://exotel.recruiterbox.com
fairyland,fairyland,https://fairyland.recruiterbox.com
fbcrogers,fbcrogers,https://fbcrogers.recruiterbox.com
fcmh,fcmh,https://fcmh.recruiterbox.com
finario,finario,https://finario.recruiterbox.com
firespring,firespring,https://firespring.recruiterbox.com
fitfyles,fitfyles,https://fitfyles.recruiterbox.com
foodoraitalia,foodoraitalia,https://foodoraitalia.recruiterbox.com
footballradar,footballradar,https://footballradar.recruiterbox.com
forgeperform,forgeperform,https://forgeperform.recruiterbox.com
forthright,forthright,https://forthright.recruiterbox.com
freestonepg,freestonepg,https://freestonepg.recruiterbox.com
frontlinems,frontlinems,https://frontlinems.recruiterbox.com
gestionline,gestionline,https://gestionline.recruiterbox.com
grassrootsvoter,grassrootsvoter,https://grassrootsvoter.recruiterbox.com
gutblick,gutblick,https://gutblick.recruiterbox.com
hackerearthjobs,hackerearthjobs,https://hackerearthjobs.recruiterbox.com
halecohosp,halecohosp,https://halecohosp.recruiterbox.com
happycog,happycog,https://happycog.recruiterbox.com
happyfox,happyfox,https://happyfox.recruiterbox.com
headlinemedia,headlinemedia,https://headlinemedia.recruiterbox.com
healthix,healthix,https://healthix.recruiterbox.com
helpshift,helpshift,https://helpshift.hire.trakstar.com
hertzdollarthriftyrd,hertzdollarthriftyrd,https://hertzdollarthriftyrd.recruiterbox.com
holloway,holloway,https://holloway.recruiterbox.com
home,home,https://home.recruiterbox.com
hudsonsfurniturecareers,hudsonsfurniturecareers,https://hudsonsfurniturecareers.recruiterbox.com
humach,humach,https://humach.recruiterbox.com
imagicle,imagicle,https://imagicle.recruiterbox.com
imiclimatecontrol,imiclimatecontrol,https://imiclimatecontrol.recruiterbox.com
imicriticalengineering,imicriticalengineering,https://imicriticalengineering.recruiterbox.com
imsi,imsi,https://imsi.recruiterbox.com
industryft,industryft,https://industryft.recruiterbox.com
ineventapp,ineventapp,https://ineventapp.recruiterbox.com
infracloud,infracloud,https://infracloud.recruiterbox.com
inorison,inorison,https://inorison.recruiterbox.com
inspiredteachingschool,inspiredteachingschool,https://inspiredteachingschool.recruiterbox.com
intergaming,intergaming,https://intergaming.recruiterbox.com
interglobalhomes,interglobalhomes,https://interglobalhomes.recruiterbox.com
internationaltradeinstitute,internationaltradeinstitute,https://internationaltradeinstitute.recruiterbox.com
irishealthclinical,irishealthclinical,https://irishealthclinical.recruiterbox.com
jenni,jenni,https://jenni.recruiterbox.com
k2partnering,k2partnering,https://k2partnering.recruiterbox.com
kingsmill,kingsmill,https://kingsmill.recruiterbox.com
klbgroup1,klbgroup1,https://klbgroup1.recruiterbox.com
kyosk,kyosk,https://kyosk.recruiterbox.com
ladybird,ladybird,https://ladybird.recruiterbox.com
lakepointe,lakepointe,https://lakepointe.recruiterbox.com
lambda3,lambda3,https://lambda3.recruiterbox.com
leamseducation,leamseducation,https://leamseducation.recruiterbox.com
lespetitsriens,lespetitsriens,https://lespetitsriens.recruiterbox.com
lmnarchitects,lmnarchitects,https://lmnarchitects.recruiterbox.com
lnwadvisors,lnwadvisors,https://lnwadvisors.recruiterbox.com
lodestar,lodestar,https://lodestar.recruiterbox.com
loginext,loginext,https://loginext.recruiterbox.com
lummo,lummo,https://lummo.recruiterbox.com
lutheranworld,lutheranworld,https://lutheranworld.recruiterbox.com
maalthahb,maalthahb,https://maalthahb.recruiterbox.com
madebymany,madebymany,https://madebymany.hire.trakstar.com
medibuddy,medibuddy,https://medibuddy.recruiterbox.com
mekari,mekari,https://mekari.recruiterbox.com
mercana,mercana,https://mercana.recruiterbox.com
mercycorps69469,mercycorps69469,https://mercycorps69469.recruiterbox.com
mgmtp,mgmtp,https://mgmtp.recruiterbox.com
midea,midea,https://midea.recruiterbox.com
mindgames,mindgames,https://mindgames.recruiterbox.com
mkearney,mkearney,https://mkearney.recruiterbox.com
mmlafleur,mmlafleur,https://mmlafleur.recruiterbox.com
moengage,moengage,https://moengage.recruiterbox.com
mordorintelligence,mordorintelligence,https://mordorintelligence.recruiterbox.com
mpowerdirect,mpowerdirect,https://mpowerdirect.recruiterbox.com
myagro,myagro,https://myagro.recruiterbox.com
naseba,naseba,https://naseba.recruiterbox.com
native,native,https://native.recruiterbox.com
nebb,nebb,https://nebb.recruiterbox.com
nemetschek,nemetschek,https://nemetschek.recruiterbox.com
neopollard,neopollard,https://neopollard.recruiterbox.com
neptuneio,neptuneio,https://neptuneio.recruiterbox.com
newat,newat,https://newat.recruiterbox.com
nmdas,nmdas,https://nmdas.recruiterbox.com
npca,npca,https://npca.recruiterbox.com
ocient,ocient,https://ocient.recruiterbox.com
olark,olark,https://olark.recruiterbox.com
oneilinteractive,oneilinteractive,https://oneilinteractive.recruiterbox.com
perblue,perblue,https://perblue.recruiterbox.com
perfectaudience,perfectaudience,https://perfectaudience.recruiterbox.com
petrodiff,petrodiff,https://petrodiff.recruiterbox.com
pfchangsrd,pfchangsrd,https://pfchangsrd.recruiterbox.com
planate,planate,https://planate.recruiterbox.com
planetbeauty,planetbeauty,https://planetbeauty.recruiterbox.com
prodoor,prodoor,https://prodoor.recruiterbox.com
propertymasters,propertymasters,https://propertymasters.recruiterbox.com
proveng,proveng,https://proveng.recruiterbox.com
psyoptions,psyoptions,https://psyoptions.recruiterbox.com
purecars,purecars,https://purecars.recruiterbox.com
quartus,quartus,https://quartus.recruiterbox.com
redbranch,redbranch,https://redbranch.hire.trakstar.com
registrarcorp,registrarcorp,https://registrarcorp.recruiterbox.com
relevatehealth,relevatehealth,https://relevatehealth.recruiterbox.com
renewalcarolinas,renewalcarolinas,https://renewalcarolinas.recruiterbox.com
reps2,reps2,https://reps2.recruiterbox.com
revampedsecurityjobs,revampedsecurityjobs,https://revampedsecurityjobs.recruiterbox.com
rhodeswolfe,rhodeswolfe,https://rhodeswolfe.recruiterbox.com
richelieu,richelieu,https://richelieu.recruiterbox.com
rigidtactical,rigidtactical,https://rigidtactical.recruiterbox.com
rivalfox,rivalfox,https://rivalfox.hire.trakstar.com
rollbar,rollbar,https://rollbar.hire.trakstar.com
sajenaturalwellnessoffice,sajenaturalwellnessoffice,https://sajenaturalwellnessoffice.recruiterbox.com
sajenaturalwellnessretail,sajenaturalwellnessretail,https://sajenaturalwellnessretail.recruiterbox.com
scishis,scishis,https://scishis.recruiterbox.com
scopicsoftware,scopicsoftware,https://scopicsoftware.recruiterbox.com
selerix,selerix,https://selerix.recruiterbox.com
sensedia,sensedia,https://sensedia.recruiterbox.com
shantirecruitment,shantirecruitment,https://shantirecruitment.recruiterbox.com
sharechat,sharechat,https://sharechat.recruiterbox.com
sigmabit,sigmabit,https://sigmabit.recruiterbox.com
simpleenergy,simpleenergy,https://simpleenergy.recruiterbox.com
smarttechnologies,smarttechnologies,https://smarttechnologies.recruiterbox.com
smoketest,smoketest,https://smoketest.recruiterbox.com
solarient,solarient,https://solarient.recruiterbox.com
stealthstartup,stealthstartup,https://stealthstartup.recruiterbox.com
stopnetservices,stopnetservices,https://stopnetservices.recruiterbox.com
strategicsolutions,strategicsolutions,https://strategicsolutions.recruiterbox.com
synergenhealth,synergenhealth,https://synergenhealth.recruiterbox.com
systemone,systemone,https://systemone.recruiterbox.com
takecareinsurance,takecareinsurance,https://takecareinsurance.recruiterbox.com
tallyweijl,tallyweijl,https://tallyweijl.recruiterbox.com
tangoanalytics,tangoanalytics,https://tangoanalytics.recruiterbox.com
tapmango,tapmango,https://tapmango.recruiterbox.com
tenthpin,tenthpin,https://tenthpin.recruiterbox.com
terrapower,terrapower,https://terrapower.recruiterbox.com
testbook,testbook,https://testbook.recruiterbox.com
testdouble,testdouble,https://testdouble.recruiterbox.com
testhuset,testhuset,https://testhuset.recruiterbox.com
thalle,thalle,https://thalle.recruiterbox.com
thebushschool,thebushschool,https://thebushschool.recruiterbox.com
therap,therap,https://therap.recruiterbox.com
timessquarenyc,timessquarenyc,https://timessquarenyc.recruiterbox.com
togetherall,togetherall,https://togetherall.recruiterbox.com
tokkalabs,tokkalabs,https://tokkalabs.recruiterbox.com
tookitaki78808,tookitaki78808,https://tookitaki78808.recruiterbox.com
trakstar,trakstar,https://trakstar.recruiterbox.com
trickleup,trickleup,https://trickleup.recruiterbox.com
trustingsocial,trustingsocial,https://trustingsocial.recruiterbox.com
twonice,twonice,https://twonice.recruiterbox.com
ugrowthfund,ugrowthfund,https://ugrowthfund.recruiterbox.com
ukcourtesans,ukcourtesans,https://ukcourtesans.recruiterbox.com
vegasolutions,vegasolutions,https://vegasolutions.recruiterbox.com
veritaspress,veritaspress,https://veritaspress.recruiterbox.com
viaconseil,viaconseil,https://viaconseil.recruiterbox.com
vikingcruises,vikingcruises,https://vikingcruises.recruiterbox.com
wandoo,wandoo,https://wandoo.recruiterbox.com
watttime,watttime,https://watttime.recruiterbox.com
wcccoe,wcccoe,https://wcccoe.recruiterbox.com
wearebarbarian,wearebarbarian,https://wearebarbarian.recruiterbox.com
weworkindia,weworkindia,https://weworkindia.recruiterbox.com
whatfix101,whatfix101,https://whatfix101.recruiterbox.com
windrosestaffing,windrosestaffing,https://windrosestaffing.recruiterbox.com
wiredybpradio,wiredybpradio,https://wiredybpradio.recruiterbox.com
witekio,witekio,https://witekio.recruiterbox.com
wolframresearch,wolframresearch,https://wolframresearch.recruiterbox.com
workforcesource,workforcesource,https://workforcesource.recruiterbox.com
worksuites,worksuites,https://worksuites.recruiterbox.com
wtrs,wtrs,https://wtrs.recruiterbox.com
xideral,xideral,https://xideral.recruiterbox.com
xstelecom,xstelecom,https://xstelecom.recruiterbox.com
yeledvyalda,yeledvyalda,https://yeledvyalda.recruiterbox.com
zeitview,zeitview,https://zeitview.recruiterbox.com
zendesk,zendesk,https://zendesk.recruiterbox.com
ziplr,ziplr,https://ziplr.recruiterbox.com
zwillgen,zwillgen,https://zwillgen.recruiterbox.com
zycron,zycron,https://zycron.recruiterbox.com
