name,url
6Pmseason,https://join.com/companies/6pmseason
A1904,https://join.com/companies/a1904
Ablavisioncom,https://join.com/companies/ablavisioncom
Acbs Assurances,https://join.com/companies/acbs-assurances
Aitad,https://join.com/companies/aitad
Allunity,https://join.com/companies/allunity
Alteos,https://join.com/companies/alteos
Altruan,https://join.com/companies/altruan
Awork,https://join.com/companies/awork
Axsol,https://join.com/companies/axsol
Bigcitybeats,https://join.com/companies/bigcitybeats
Bl1Tzr,https://join.com/companies/bl1tzr
Bling1,https://join.com/companies/bling1
Brandcircle,https://join.com/companies/brandcircle
Brandneo,https://join.com/companies/brandneo
Brunathelabel,https://join.com/companies/brunathelabel
Caiz,https://join.com/companies/caiz
Cannaleo,https://join.com/companies/cannaleo
Capitalmind,https://join.com/companies/capitalmind
Career Sancovia,https://join.com/companies/career-sancovia
Chmholdingscoza,https://join.com/companies/chmholdingscoza
Cinnamood,https://join.com/companies/cinnamood
Citychickennhas490,https://join.com/companies/citychickennhas490
Clairfield,https://join.com/companies/clairfield
Cloover,https://join.com/companies/cloover
Codeberlin,https://join.com/companies/codeberlin
Congrify,https://join.com/companies/congrify
Crafthunt,https://join.com/companies/crafthunt
Creatorhub,https://join.com/companies/creatorhub
Datasmartpoint,https://join.com/companies/datasmartpoint
Decentriq,https://join.com/companies/decentriq
Dentolo,https://join.com/companies/dentolo
Dertaler,https://join.com/companies/dertaler
Detlevlouis,https://join.com/companies/detlevlouis
Digitaleducationgroup,https://join.com/companies/digitaleducationgroup
Dovgan,https://join.com/companies/dovgan
Drinkandpaint,https://join.com/companies/drinkandpaint
Drinkxoxo,https://join.com/companies/drinkxoxo
Earlynodecom,https://join.com/companies/earlynodecom
Ecolinks,https://join.com/companies/ecolinks
Elegancehair,https://join.com/companies/elegancehair
Enspired,https://join.com/companies/enspired
Enua,https://join.com/companies/enua
Etalytics,https://join.com/companies/etalytics
Everjobde,https://join.com/companies/everjobde
Farmy,https://join.com/companies/farmy
Fcffoxcorporatefinance,https://join.com/companies/fcffoxcorporatefinance
Fev,https://join.com/companies/fev
Fusionarena1,https://join.com/companies/fusionarena1
Gamehouse,https://join.com/companies/gamehouse
Gfn,https://join.com/companies/gfn
Go Cf,https://join.com/companies/go-cf
Goldbergklinik,https://join.com/companies/goldbergklinik
Goldentree,https://join.com/companies/goldentree
Gonder,https://join.com/companies/gonder
Greenventory,https://join.com/companies/greenventory
Grynia Consulting,https://join.com/companies/grynia-consulting
Hansecf,https://join.com/companies/hansecf
Home,https://join.com/companies/home
Huadou,https://join.com/companies/huadou
Imathia,https://join.com/companies/imathia
Immune1,https://join.com/companies/immune1
Inorix,https://join.com/companies/inorix
Intigia,https://join.com/companies/intigia
Jakalagermany,https://join.com/companies/jakalagermany
Jimjim,https://join.com/companies/jimjim
Jobwork,https://join.com/companies/jobwork
Juc1,https://join.com/companies/juc1
Justfab,https://join.com/companies/justfab
Justplayapps,https://join.com/companies/justplayapps
Kleeblatt Medien,https://join.com/companies/kleeblatt-medien
Klenico,https://join.com/companies/klenico
Landsiedel,https://join.com/companies/landsiedel
Leadity,https://join.com/companies/leadity
Letuelezioni,https://join.com/companies/letuelezioni
Lifesummit,https://join.com/companies/lifesummit
Linkedin535,https://join.com/companies/linkedin535
Lq Group,https://join.com/companies/lq-group
Lueg,https://join.com/companies/lueg
Mailody,https://join.com/companies/mailody
Mamoriginals,https://join.com/companies/mamoriginals
Mankenberg,https://join.com/companies/mankenberg
Mariebernal,https://join.com/companies/mariebernal
Martens Prahl Holding,https://join.com/companies/martens-prahl-holding
Massnahme,https://join.com/companies/massnahme
Mavue,https://join.com/companies/mavue
Medicassist,https://join.com/companies/medicassist
Merchmydayde,https://join.com/companies/merchmydayde
Meta Bot,https://join.com/companies/meta-bot
Mindline,https://join.com/companies/mindline
Minotrade,https://join.com/companies/minotrade
Molteo,https://join.com/companies/molteo
Moremoneymorelove,https://join.com/companies/moremoneymorelove
Motor Ai,https://join.com/companies/motor-ai
Mulfinger,https://join.com/companies/mulfinger
Ncf,https://join.com/companies/ncf
Neugart Gmbh,https://join.com/companies/neugart-gmbh
Ninjas,https://join.com/companies/ninjas
Noelie,https://join.com/companies/noelie
Noris,https://join.com/companies/noris
Norqain,https://join.com/companies/norqain
Novoai,https://join.com/companies/novoai
Ojasdesign,https://join.com/companies/ojasdesign
Opencorporates,https://join.com/companies/opencorporates
Outfittery,https://join.com/companies/outfittery
Pakajo,https://join.com/companies/pakajo
Plannerpal,https://join.com/companies/plannerpal
Plstr,https://join.com/companies/plstr
Prostep,https://join.com/companies/prostep
Rahantech,https://join.com/companies/rahantech
Raya Diagnostics,https://join.com/companies/raya-diagnostics
Redrinkco,https://join.com/companies/redrinkco
Reelstudio,https://join.com/companies/reelstudio
Roadsurfer,https://join.com/companies/roadsurfer
Saxenhammer Co1,https://join.com/companies/saxenhammer-co1
Schmitt,https://join.com/companies/schmitt
Shinetoprosper,https://join.com/companies/shinetoprosper
Shyftmove,https://join.com/companies/shyftmove
Sides,https://join.com/companies/sides
Sitemark,https://join.com/companies/sitemark
Skyve,https://join.com/companies/skyve
Sowefund,https://join.com/companies/sowefund
Steinbeis Finance,https://join.com/companies/steinbeis-finance
Stellantisandyou,https://join.com/companies/stellantisandyou
Tabajaunlimited,https://join.com/companies/tabajaunlimited
Telurade,https://join.com/companies/telurade
Theleverage,https://join.com/companies/theleverage
Ticketio,https://join.com/companies/ticketio
Traide,https://join.com/companies/traide
Urbanctcoza,https://join.com/companies/urbanctcoza
Vebego,https://join.com/companies/vebego
Velocityswitzerland,https://join.com/companies/velocityswitzerland
Velzi,https://join.com/companies/velzi
Vendorvue,https://join.com/companies/vendorvue
Vertice,https://join.com/companies/vertice
Vetklinikum,https://join.com/companies/vetklinikum
Vicoland,https://join.com/companies/vicoland
Vitenseguridadcom,https://join.com/companies/vitenseguridadcom
Vly,https://join.com/companies/vly
Voltraceu,https://join.com/companies/voltraceu
Vox,https://join.com/companies/vox
Wechselpilot,https://join.com/companies/wechselpilot
Xbyx,https://join.com/companies/xbyx
Yamas,https://join.com/companies/yamas
Ygotravel,https://join.com/companies/ygotravel
Zanteplazahotels,https://join.com/companies/zanteplazahotels
